image,author,license,source_url
Colker_gym.jpg,Jenfit001,CC BY-SA 4.0,https://commons.wikimedia.org/wiki/File:Colker_gym.jpg
Hitman_on_side_chest_pose..jpg,John cenation,CC BY-SA 3.0,https://commons.wikimedia.org/wiki/File:Hitman_on_side_chest_pose..jpg
131st_Airman_first_in_fitness_despite_having_to_relearn_to_walk_160408-Z-WB313-013.jpg,Airman Halley Burgess,Public domain,https://commons.wikimedia.org/wiki/File:131st_Airman_first_in_fitness_despite_having_to_relearn_to_walk_160408-Z-WB313-013.jpg
BodybuildingWoman.jpg,roonb,CC BY 2.0,https://commons.wikimedia.org/wiki/File:BodybuildingWoman.jpg
Dexter_Jackson_IFBB_2008_Australia_3.jpg,"www.localfitness.com.au, Jahn Schiller",CC BY-SA 3.0,https://commons.wikimedia.org/wiki/File:Dexter_Jackson_IFBB_2008_Australia_3.jpg
Phil_Heath_Kai_Greene.JPG,Kevin Laval,CC0,https://commons.wikimedia.org/wiki/File:Phil_Heath_Kai_Greene.JPG
2826251_Soldiers_and_civilians_pose_for_a_panel_of_judges_at__The_Rock__Bodybuilding_and_Figure_Competition_at_Woodruff_,U.S. Army photo by Sgt. Joshua Laidacker,Public domain,"https://commons.wikimedia.org/wiki/File:2826251_Soldiers_and_civilians_pose_for_a_panel_of_judges_at_%E2%80%9CThe_Rock%E2%80%9D_Bodybuilding_and_Figure_Competition_at_Woodruff_Theater,_Fort_Stewart.jpg"
Anura_Ranasinghe__Posing__Suit.jpg,unknown,CC BY-SA 3.0,"https://commons.wikimedia.org/wiki/File:Anura_Ranasinghe,_Posing,_Suit.jpg"
Army_Strong__Sgt._Odyssey_U._Martin_named_the_women_s_tall_figure_and_bodybuilding_heavyweight_champion_at_the_2013_Musc,Capt. Sonie Munson,Public domain,"https://commons.wikimedia.org/wiki/File:Army_Strong,_Sgt._Odyssey_U._Martin_named_the_women%27s_tall_figure_and_bodybuilding_heavyweight_champion_at_the_2013_Muscle_Beach_Classic_130804-A-YY695-169.jpg"
Basra_bodybuilding_competition_DVIDS288962.jpg,Staff Sgt. Adelita Mead,Public domain,https://commons.wikimedia.org/wiki/File:Basra_bodybuilding_competition_DVIDS288962.jpg
Basra_bodybuilding_competition_DVIDS288968.jpg,Staff Sgt. Adelita Mead,Public domain,https://commons.wikimedia.org/wiki/File:Basra_bodybuilding_competition_DVIDS288968.jpg
Basra_bodybuilding_competition_DVIDS288972.jpg,Staff Sgt. Adelita Mead,Public domain,https://commons.wikimedia.org/wiki/File:Basra_bodybuilding_competition_DVIDS288972.jpg
Basra_bodybuilding_competition_DVIDS288980.jpg,Staff Sgt. Adelita Mead,Public domain,https://commons.wikimedia.org/wiki/File:Basra_bodybuilding_competition_DVIDS288980.jpg
Chill_Will_Lynch_bodybuilder.jpg,Lmn27604,CC BY-SA 3.0,https://commons.wikimedia.org/wiki/File:Chill_Will_Lynch_bodybuilder.jpg
DF-SC-01-04792_Shawn_Wolfe_and_Derrick_Anderson_strike_poses_during_the_finals_of_the_9th_annual_Northern_Japan_Bodybuil,"US Army Photo by Scene Camera Operator: SSGT Milo E. Ware, Jr.",Public domain,https://commons.wikimedia.org/wiki/File:DF-SC-01-04792_Shawn_Wolfe_and_Derrick_Anderson_strike_poses_during_the_finals_of_the_9th_annual_Northern_Japan_Bodybuilding_Championships.jpeg
Female_bodybuilding_and_fitness_competition__Qu_bec__2006.jpg,Joey Berzowska from Montreal,CC BY 2.0,"https://commons.wikimedia.org/wiki/File:Female_bodybuilding_and_fitness_competition,_Qu%C3%A9bec,_2006.jpg"
Fisicoculturismo_argentino_.AFCA_._HORACIO_PATRONE_1__lugar_MR._GIMNASIO_ROMA_1966_en_categoria_Mayor_altura_1_85_mts__p,Horacio patrone,Public domain,"https://commons.wikimedia.org/wiki/File:Fisicoculturismo_argentino_.AFCA_._HORACIO_PATRONE_1%C2%AA_lugar_MR._GIMNASIO_ROMA_1966_en_categoria_Mayor_altura_1,85_mts_,peso_77_kilos,-_edad_17_a%C3%B1os.jpg"
Fisicoculturismo_argentino_AFCA_1__lugar_Horacio_Patrone_Torneo_Mr_CULTURA_FISICA_1968_categoria_junior._altura_1_85_mts,Horacio patrone,Public domain,"https://commons.wikimedia.org/wiki/File:Fisicoculturismo_argentino_AFCA_1%C2%AA_lugar_Horacio_Patrone_Torneo_Mr_CULTURA_FISICA_1968_categoria_junior._altura_1,85_mts_peso_83_kilos,_Pose_de_Espalda.jpg"
Fisicoculturismo_argentino_AFCA_1__lugar_Torneo_Horacio_Patrone_Mr_CULTURA_FISICA_1968_categoria_junior_._altura_1_85_mt,Horacio patrone,Public domain,"https://commons.wikimedia.org/wiki/File:Fisicoculturismo_argentino_AFCA_1%C2%AA_lugar_Torneo_Horacio_Patrone_Mr_CULTURA_FISICA_1968_categoria_junior_._altura_1,85_mts_peso_83_kilos,Pose_Triceps_de_Rodillas_._-_edad_19_a%C3%B1os.jpg"
Fisicoculturismo_argentino_AFCA_1__lugar_Torneo_Horacio_Patrone_Mr_CULTURA_FISICA_1968_categoria_junior_.jpg_altura_1_85,Horacio patrone,Public domain,"https://commons.wikimedia.org/wiki/File:Fisicoculturismo_argentino_AFCA_1%C2%AA_lugar_Torneo_Horacio_Patrone_Mr_CULTURA_FISICA_1968_categoria_junior_.jpg_altura_1,85_mts_peso_83_kilos,Pose_de_Mas_Musculado.jpg"
Five_men_in_swimwear_posing_on_the_beach__NINO_F_Scholten_Tel_Aviv_03_92.tiff,Frank Scholten,Public domain,"https://commons.wikimedia.org/wiki/File:Five_men_in_swimwear_posing_on_the_beach,_NINO_F_Scholten_Tel_Aviv_03_92.tiff"
HORACIO_PATRONE___CON_UN_PESO_CORPORAL_DE_92_KILOS._ENTRENANDO_PARA_LOS_TORNEOS_DEL_A_O_1971.jpg,fotografo y atleta fisicoculturista RUBEN STORANI,Public domain,"https://commons.wikimedia.org/wiki/File:HORACIO_PATRONE_,_CON_UN_PESO_CORPORAL_DE_92_KILOS._ENTRENANDO_PARA_LOS_TORNEOS_DEL_A%C3%91O_1971.jpg"
Man_in_trunks_posing_for_the_camera._Tent_and_building_in_the_background__NINO_F_Scholten_Tel_Aviv_13_031.tiff,Frank Scholten,Public domain,"https://commons.wikimedia.org/wiki/File:Man_in_trunks_posing_for_the_camera._Tent_and_building_in_the_background,_NINO_F_Scholten_Tel_Aviv_13_031.tiff"
Man_in_trunks_posing_for_the_camera._Tent_and_building_in_the_background__NINO_F_Scholten_photographic_print_04_356.tiff,Frank Scholten,Public domain,"https://commons.wikimedia.org/wiki/File:Man_in_trunks_posing_for_the_camera._Tent_and_building_in_the_background,_NINO_F_Scholten_photographic_print_04_356.tiff"
Man_posing_in_the_beach_with_a_disk__NINO_F_Scholten_Tel_Aviv_06_89.tiff,Frank Scholten,Public domain,"https://commons.wikimedia.org/wiki/File:Man_posing_in_the_beach_with_a_disk,_NINO_F_Scholten_Tel_Aviv_06_89.tiff"
Man_wearing_a_trunk_lying_down_in_the_sand__posing__NINO_F_Scholten_Tel_Aviv_13_103.tiff,Frank Scholten,Public domain,"https://commons.wikimedia.org/wiki/File:Man_wearing_a_trunk_lying_down_in_the_sand,_posing,_NINO_F_Scholten_Tel_Aviv_13_103.tiff"
Man_wearing_a_trunk_lying_down_in_the_sand__posing__NINO_F_Scholten_photographic_print_17_182.tiff,Frank Scholten,Public domain,"https://commons.wikimedia.org/wiki/File:Man_wearing_a_trunk_lying_down_in_the_sand,_posing,_NINO_F_Scholten_photographic_print_17_182.tiff"
Man_wearing_a_trunk_posing_for_the_camera__smiling__NINO_F_Scholten_Tel_Aviv_13_105.tiff,Frank Scholten,Public domain,"https://commons.wikimedia.org/wiki/File:Man_wearing_a_trunk_posing_for_the_camera,_smiling,_NINO_F_Scholten_Tel_Aviv_13_105.tiff"
Man_wearing_swimwear_posing_on_the_beach__NINO_F_Scholten_Tel_Aviv_04_53.tiff,Frank Scholten,Public domain,"https://commons.wikimedia.org/wiki/File:Man_wearing_swimwear_posing_on_the_beach,_NINO_F_Scholten_Tel_Aviv_04_53.tiff"
Man_wearing_swimwear_posing_on_the_beach__NINO_F_Scholten_photographic_print_02_1117.tiff,Frank Scholten,Public domain,"https://commons.wikimedia.org/wiki/File:Man_wearing_swimwear_posing_on_the_beach,_NINO_F_Scholten_photographic_print_02_1117.tiff"
Nkhs8.jpg,1069men,CC BY-SA 3.0,https://commons.wikimedia.org/wiki/File:Nkhs8.jpg
Nkhs9.jpg,1069men,CC BY-SA 3.0,https://commons.wikimedia.org/wiki/File:Nkhs9.jpg
Team_Malmstrom_members_compete_in_bodybuilding_competition_150508-F-GF295-053.jpg,Airman 1st Class Collin Schmidt,Public domain,https://commons.wikimedia.org/wiki/File:Team_Malmstrom_members_compete_in_bodybuilding_competition_150508-F-GF295-053.jpg
Team_Malmstrom_members_compete_in_bodybuilding_competition_150508-F-GF295-211.jpg,Airman 1st Class Collin Schmidt,Public domain,https://commons.wikimedia.org/wiki/File:Team_Malmstrom_members_compete_in_bodybuilding_competition_150508-F-GF295-211.jpg
Three_men_wearing_swimwear_posing_for_the_camera__NINO_F_Scholten_Tel_Aviv_04_55.tiff,Frank Scholten,Public domain,"https://commons.wikimedia.org/wiki/File:Three_men_wearing_swimwear_posing_for_the_camera,_NINO_F_Scholten_Tel_Aviv_04_55.tiff"
Three_men_wearing_swimwear_posing_for_the_camera__NINO_F_Scholten_photographic_print_04_223.tiff,Frank Scholten,Public domain,"https://commons.wikimedia.org/wiki/File:Three_men_wearing_swimwear_posing_for_the_camera,_NINO_F_Scholten_photographic_print_04_223.tiff"
US_Army_51252_U.S._Forces_Europe_bodybuilding_champions_crowned_at_Wiesbaden_competition.jpg,Chrystal Smith (USAG Wiesbaden),Public domain,https://commons.wikimedia.org/wiki/File:US_Army_51252_U.S._Forces_Europe_bodybuilding_champions_crowned_at_Wiesbaden_competition.jpg
US_Army_51253_U.S._Forces_Europe_bodybuilding_champions_crowned_at_Wiesbaden_competition.jpg,Chrystal Smith (USAG Wiesbaden),Public domain,https://commons.wikimedia.org/wiki/File:US_Army_51253_U.S._Forces_Europe_bodybuilding_champions_crowned_at_Wiesbaden_competition.jpg
US_Army_53400__Natural_Freak__pumps_up_NTC.jpg,Courtesy photo,Public domain,https://commons.wikimedia.org/wiki/File:US_Army_53400_%22Natural_Freak%22_pumps_up_NTC.jpg
US_Navy_021105-N-1288N-016_Darrell_A._Lewis_strikes_one_of_the_poses_he_used_in_competition.jpg,U.S. Navy photo by Journalist 2nd Class Jeffrey Nichols.,Public domain,https://commons.wikimedia.org/wiki/File:US_Navy_021105-N-1288N-016_Darrell_A._Lewis_strikes_one_of_the_poses_he_used_in_competition.jpg
US_Navy_030514-N-3228G-005_Aviation_Maintenance_Administrationman_2nd_Class_George_F._Stowe_III_practices_his_poses_for_,U.S. Navy photo by Photographer's Mate 1st Class William R. Goodwin.,Public domain,https://commons.wikimedia.org/wiki/File:US_Navy_030514-N-3228G-005_Aviation_Maintenance_Administrationman_2nd_Class_George_F._Stowe_III_practices_his_poses_for_a_body_building_competition_during_a_workout_session.jpg
US_Navy_060318-N-9869B-070_U.S._Navy_reservist__DaRicha_Garner__left__poses_with_another_competitor_for_a_photo_of_the_t,U.S. Navy photo by Journalist 2nd Class Alexis R. Brown,Public domain,"https://commons.wikimedia.org/wiki/File:US_Navy_060318-N-9869B-070_U.S._Navy_reservist,_DaRicha_Garner,_left,_poses_with_another_competitor_for_a_photo_of_the_top_five_in_the_Class_D_Figure_Competition,_during_the_GNC_-_NPC_World_Gym_Classic_San_Diego_Bodybuilding_%5E.jpg"
Group_of_men_in_suits__NINO_F_Scholten_Tel_Aviv_05_042.tiff,Frank Scholten,Public domain,"https://commons.wikimedia.org/wiki/File:Group_of_men_in_suits,_NINO_F_Scholten_Tel_Aviv_05_042.tiff"
Harshit_Pandey_on_stage_for_a_bodybuilding_competition.jpg,Shobhit Pathak,CC BY-SA 4.0,https://commons.wikimedia.org/wiki/File:Harshit_Pandey_on_stage_for_a_bodybuilding_competition.jpg
U_S_service_members__DoD_Civilians_and_their_family_members_flex_on_their_competition__5916489_.jpg,U.S. Army photo by Sgt. Kyle Larsen,Public domain,"https://commons.wikimedia.org/wiki/File:U_S_service_members,_DoD_Civilians_and_their_family_members_flex_on_their_competition_(5916489).jpg"
2012_NPC_Jay_Cutler_Classic_Men_s_Physique_Competitor_John_Quinlan.jpg,Bbpics,CC BY-SA 3.0,https://commons.wikimedia.org/wiki/File:2012_NPC_Jay_Cutler_Classic_Men%27s_Physique_Competitor_John_Quinlan.jpg
2012_NPC_Men_s_Physique_Competitor_John_Quinlan.jpg,Bbpics,CC BY-SA 3.0,https://commons.wikimedia.org/wiki/File:2012_NPC_Men%27s_Physique_Competitor_John_Quinlan.jpg
Competition_brings_muscle__physique_DVIDS412875.jpg,Staff Sgt. Michael Freeman,Public domain,"https://commons.wikimedia.org/wiki/File:Competition_brings_muscle,_physique_DVIDS412875.jpg"
2012_NPC_Atlantic_States_Men_s_Physique_Competitor_John_Quinlan.JPG,Bbpics,CC BY-SA 3.0,https://commons.wikimedia.org/wiki/File:2012_NPC_Atlantic_States_Men%27s_Physique_Competitor_John_Quinlan.JPG
2012_NPC_Men_s_Master_s_National_Physique_Competitor_John_Quinlan_on_Stage_Image.jpg,Bbpics,CC BY-SA 3.0,https://commons.wikimedia.org/wiki/File:2012_NPC_Men%27s_Master%27s_National_Physique_Competitor_John_Quinlan_on_Stage_Image.jpg
2012_NPC_Men_s_Physique_Masters_Nationals.jpg,Bbpics,CC BY-SA 3.0,https://commons.wikimedia.org/wiki/File:2012_NPC_Men%27s_Physique_Masters_Nationals.jpg
2012_NPC_Rhode_Island_Men_s_Physique_Winners_-_Male_Models_Anton_Antipov___John_Quinlan.jpg,Bbpics,CC BY-SA 3.0,https://commons.wikimedia.org/wiki/File:2012_NPC_Rhode_Island_Men%27s_Physique_Winners_-_Male_Models_Anton_Antipov_%26_John_Quinlan.jpg
2012_NPC_Team_Universe_Men_s_Physique_Competitor_John_Quinlan.jpg,Bbpics,CC BY-SA 3.0,https://commons.wikimedia.org/wiki/File:2012_NPC_Team_Universe_Men%27s_Physique_Competitor_John_Quinlan.jpg
Elephant_d_Asie__Elephant_nature_park__Tha_lande_.jpg,Chirstelle EL JAMALI,CC BY 4.0,"https://commons.wikimedia.org/wiki/File:Elephant_d%27Asie_(Elephant_nature_park,_Tha%C3%AFlande).jpg"
Elephanteaux_d_Asie__Elephant_nature_park__Tha_lande_.jpg,Christelle EL JAMALI,CC BY 4.0,"https://commons.wikimedia.org/wiki/File:Elephanteaux_d%27Asie_(Elephant_nature_park,_Tha%C3%AFlande).jpg"
Fodie_Diarra_CIP_2015_quals_t171738.jpg,Marie-Lan Nguyen,CC BY 3.0,https://commons.wikimedia.org/wiki/File:Fodie_Diarra_CIP_2015_quals_t171738.jpg
Male_Model___2012_NPC_Rhode_Island_State_Men_s_Physique_Competitor_John_Quinlan.jpg,Bbpics,CC BY-SA 3.0,https://commons.wikimedia.org/wiki/File:Male_Model_%26_2012_NPC_Rhode_Island_State_Men%27s_Physique_Competitor_John_Quinlan.jpg
_________________________________________________________________________05.jpg,Mostafameraji,CC BY 4.0,https://commons.wikimedia.org/wiki/File:%D8%A7%D8%B3%D8%AA%D9%87%D9%84%D8%A7%D9%84_%D9%85%D8%A7%D9%87_%D8%B1%D9%85%D8%B6%D8%A7%D9%86_%D8%AF%D8%B1_%D8%B4%D9%87%D8%B1_%D9%82%D9%85%D8%8C_%D8%B9%DA%A9%D8%A7%D8%B3_%D9%85%D8%B5%D8%B7%D9%81%DB%8C_%D9%85%D8%B9%D8%B1%D8%A7%D8%AC%DB%8C%D8%8C_%D8%A8%D9%84%D9%86%D8%AF%DB%8C_%D9%87%D8%A7%DB%8C_%D8%A8%D9%88%D8%B3%D8%AA%D8%A7%D9%86_%D8%B9%D9%84%D9%88%DB%8C_%D9%82%D9%85_05.jpg
_________________________________________________________________________06.jpg,Mostafameraji,CC BY 4.0,https://commons.wikimedia.org/wiki/File:%D8%A7%D8%B3%D8%AA%D9%87%D9%84%D8%A7%D9%84_%D9%85%D8%A7%D9%87_%D8%B1%D9%85%D8%B6%D8%A7%D9%86_%D8%AF%D8%B1_%D8%B4%D9%87%D8%B1_%D9%82%D9%85%D8%8C_%D8%B9%DA%A9%D8%A7%D8%B3_%D9%85%D8%B5%D8%B7%D9%81%DB%8C_%D9%85%D8%B9%D8%B1%D8%A7%D8%AC%DB%8C%D8%8C_%D8%A8%D9%84%D9%86%D8%AF%DB%8C_%D9%87%D8%A7%DB%8C_%D8%A8%D9%88%D8%B3%D8%AA%D8%A7%D9%86_%D8%B9%D9%84%D9%88%DB%8C_%D9%82%D9%85_06.jpg
_________________________________________________________________________11.jpg,Mostafameraji,CC BY 4.0,https://commons.wikimedia.org/wiki/File:%D8%A7%D8%B3%D8%AA%D9%87%D9%84%D8%A7%D9%84_%D9%85%D8%A7%D9%87_%D8%B1%D9%85%D8%B6%D8%A7%D9%86_%D8%AF%D8%B1_%D8%B4%D9%87%D8%B1_%D9%82%D9%85%D8%8C_%D8%B9%DA%A9%D8%A7%D8%B3_%D9%85%D8%B5%D8%B7%D9%81%DB%8C_%D9%85%D8%B9%D8%B1%D8%A7%D8%AC%DB%8C%D8%8C_%D8%A8%D9%84%D9%86%D8%AF%DB%8C_%D9%87%D8%A7%DB%8C_%D8%A8%D9%88%D8%B3%D8%AA%D8%A7%D9%86_%D8%B9%D9%84%D9%88%DB%8C_%D9%82%D9%85_11.jpg
_________________________________________________________________________13.jpg,Mostafameraji,CC BY 4.0,https://commons.wikimedia.org/wiki/File:%D8%A7%D8%B3%D8%AA%D9%87%D9%84%D8%A7%D9%84_%D9%85%D8%A7%D9%87_%D8%B1%D9%85%D8%B6%D8%A7%D9%86_%D8%AF%D8%B1_%D8%B4%D9%87%D8%B1_%D9%82%D9%85%D8%8C_%D8%B9%DA%A9%D8%A7%D8%B3_%D9%85%D8%B5%D8%B7%D9%81%DB%8C_%D9%85%D8%B9%D8%B1%D8%A7%D8%AC%DB%8C%D8%8C_%D8%A8%D9%84%D9%86%D8%AF%DB%8C_%D9%87%D8%A7%DB%8C_%D8%A8%D9%88%D8%B3%D8%AA%D8%A7%D9%86_%D8%B9%D9%84%D9%88%DB%8C_%D9%82%D9%85_13.jpg
Dyess_bikini_competition.jpg,U.S. Air Force photo by Airman 1st Class Peter Thompson,Public domain,https://commons.wikimedia.org/wiki/File:Dyess_bikini_competition.jpg
Anna_Kushkian_IFBB_2026.jpg,Karenkushkyan,CC BY-SA 4.0,https://commons.wikimedia.org/wiki/File:Anna_Kushkian_IFBB_2026.jpg
DBFV_Petersberg.jpg,Stefan Krug,CC BY-SA 4.0,https://commons.wikimedia.org/wiki/File:DBFV_Petersberg.jpg
Female_bodybuilder_Aleesha_Young_flexing.jpg,Fbbcraze,CC BY-SA 4.0,https://commons.wikimedia.org/wiki/File:Female_bodybuilder_Aleesha_Young_flexing.jpg
Mr._Olympia_parade_float__1981_-_DPLA_-_ee20b68e9677ddbd3d01152914bda4d4.jpg,David Lucas,Public domain,"https://commons.wikimedia.org/wiki/File:Mr._Olympia_parade_float,_1981_-_DPLA_-_ee20b68e9677ddbd3d01152914bda4d4.jpg"
USMC-13808.jpg,unknown,Public domain,https://commons.wikimedia.org/wiki/File:USMC-13808.jpg
Angie_Semsch_at_the_2008_NGA_Heart_of_America_Natural_Classic__2596487367_.jpg,petechons,CC BY-SA 2.0,https://commons.wikimedia.org/wiki/File:Angie_Semsch_at_the_2008_NGA_Heart_of_America_Natural_Classic_(2596487367).jpg
Angie_Semsch_at_the_2008_NGA_Heart_of_America_Natural_Classic__2596487367___cropped_.jpg,petechons,CC BY-SA 2.0,https://commons.wikimedia.org/wiki/File:Angie_Semsch_at_the_2008_NGA_Heart_of_America_Natural_Classic_(2596487367)_(cropped).jpg
Basra_bodybuilding_competition_DVIDS288960.jpg,Staff Sgt. Adelita Mead,Public domain,https://commons.wikimedia.org/wiki/File:Basra_bodybuilding_competition_DVIDS288960.jpg
Bodybuilder_Eugene_Rapin_from_behind_flexing_biceps_Wellcome_L0038400.jpg,unknown,CC BY 4.0,https://commons.wikimedia.org/wiki/File:Bodybuilder_Eugene_Rapin_from_behind_flexing_biceps_Wellcome_L0038400.jpg
Ed_Fury_and_Jackie_Coey__1953.jpg,Los Angeles Daily News,CC BY 4.0,"https://commons.wikimedia.org/wiki/File:Ed_Fury_and_Jackie_Coey,_1953.jpg"
Eugen_Sandow__full-length_portrait__standing__left_profile__wearing_fig_leaf_and_flexing_muscle_with_fist_raised_to_fore,Benjamin Joseph Falk,Public domain,"https://commons.wikimedia.org/wiki/File:Eugen_Sandow,_full-length_portrait,_standing,_left_profile,_wearing_fig_leaf_and_flexing_muscle_with_fist_raised_to_forehead_LCCN90708835.jpg"
FBB_Pectoralis_muscle_flex.jpg,roonb,CC BY 2.0,https://commons.wikimedia.org/wiki/File:FBB_Pectoralis_muscle_flex.jpg
Female_bodybuilder_Aleesha_Young_biceps_flex.jpg,Fbbcraze,CC BY-SA 4.0,https://commons.wikimedia.org/wiki/File:Female_bodybuilder_Aleesha_Young_biceps_flex.jpg
